vac_date,rem_date,Trade name
2012-06-16 16:52,2017-12-22 02:20,Infanrix
2005-04-15 08:01,2017-05-01 01:16,Infanrix
2010-07-28 06:55,2020-07-23 19:34,Infanrix
2002-12-03 06:57,2017-09-30 11:31,Infanrix
2006-04-30 05:52,2017-12-16 21:15,Infanrix
2006-04-30 09:16,2014-11-21 12:03,Infanrix
2004-09-26 12:53,2017-01-07 14:27,Infanrix
2008-04-03 08:53,2018-10-20 05:19,Infanrix
2012-06-18 03:48,2014-11-10 17:46,Infanrix
2005-06-06 12:10,2021-07-31 15:16,Infanrix hexa
2011-10-21 08:52,2015-01-20 07:28,Infanrix hexa
2002-02-19 20:47,2016-08-04 06:28,Infanrix hexa
2005-09-13 07:25,2016-05-18 05:09,Infanrix hexa
2003-10-27 03:25,2016-03-10 08:35,Infanrix hexa
2002-08-29 14:03,2018-04-13 09:04,Infanrix hexa
2009-03-02 07:14,2021-08-19 17:02,Infanrix hexa
2003-01-05 15:05,2014-11-06 00:43,Infanrix hexa
2003-08-26 20:38,2017-07-22 18:47,Infanrix hexa
2008-01-27 20:47,2014-10-23 14:58,Infanrix hexa
2004-12-10 07:12,2015-08-08 08:29,Infanrix hexa
2005-03-06 11:31,2020-02-24 06:51,Infanrix hexa
2008-05-07 05:53,2015-01-02 14:11,Infanrix hexa
2001-03-30 04:35,2019-08-01 13:17,Infanrix hexa
2004-05-30 13:42,2021-07-04 00:00,Infanrix hexa
2000-06-11 12:09,2015-04-07 06:53,Infanrix hexa
2011-10-23 20:13,2017-12-01 16:24,Infanrix hexa
2003-03-06 20:48,2019-12-06 08:25,Infanrix hexa
2000-03-28 07:17,2017-07-15 15:50,Infanrix hexa
2011-07-13 13:02,2018-06-01 06:15,Infanrix hexa
2009-02-26 16:05,2020-12-09 11:47,Infanrix hexa
2013-07-14 01:48,2014-09-21 13:01,Infanrix hexa
2000-04-21 21:28,2019-10-21 06:45,Infanrix hexa
2002-09-18 20:21,2019-08-30 06:52,Infanrix hexa
2002-03-08 22:27,2014-09-24 14:07,Infanrix hexa
2001-08-23 00:29,2016-07-08 14:12,Infanrix hexa
2014-01-15 01:01,2016-01-14 05:38,Infanrix hexa
2002-07-03 09:21,2021-04-05 06:42,Infanrix hexa
2008-08-27 05:51,2017-09-16 18:10,Infanrix hexa
2004-11-20 16:34,2016-09-08 10:45,Infanrix hexa
2011-08-16 07:44,2015-02-21 10:43,Infanrix hexa
2010-09-20 12:07,2020-01-21 09:42,Infanrix hexa
2008-10-08 03:36,2019-02-06 13:41,Infanrix hexa
2004-05-28 09:05,2020-03-21 00:35,Infanrix hexa
2002-06-24 09:05,2014-11-21 11:19,Infanrix hexa
2006-02-22 03:57,2014-04-12 16:23,Infanrix hexa
2001-03-28 14:42,2018-03-04 18:32,Infanrix hexa
2005-05-19 19:47,2019-01-06 19:52,Infanrix hexa
2013-03-15 04:03,2021-01-21 04:27,Infanrix hexa
2013-03-23 03:24,2018-03-31 13:15,Infanrix hexa
2011-06-26 22:52,2021-02-02 15:57,Infanrix hexa
2004-06-19 06:30,2016-05-15 10:30,Infanrix hexa
2009-08-13 21:43,2019-10-29 05:36,Infanrix hexa
2001-08-23 22:18,2021-01-09 02:32,Infanrix hexa
2004-05-04 14:18,2015-04-20 20:36,Infanrix hexa
2009-06-19 18:50,2021-01-03 01:37,Infanrix hexa
2007-09-08 06:16,2019-06-07 06:20,Infanrix hexa
2003-11-15 02:25,2018-09-01 04:53,Infanrix hexa
2009-02-26 06:47,2021-03-21 12:16,Infanrix hexa
2006-06-01 03:07,2018-07-17 06:31,Infanrix hexa
2004-03-04 14:57,2014-07-06 06:55,Infanrix hexa
2007-08-13 05:14,2014-05-30 14:13,Infanrix hexa
2010-09-21 16:24,2017-02-27 16:27,Infanrix hexa
2011-11-23 22:33,2021-02-24 12:25,Infanrix hexa
2011-11-14 13:13,2021-04-05 12:31,Infanrix hexa
2007-12-14 18:07,2014-06-23 12:57,Infanrix hexa
2005-04-12 13:15,2018-11-07 03:33,Infanrix hexa
2006-09-30 08:21,2015-11-04 09:04,Infanrix hexa
2001-04-10 05:47,2015-07-31 14:00,Infanrix hexa
2008-03-21 08:56,2015-07-24 02:14,Infanrix hexa
2004-06-15 13:58,2021-10-03 18:10,Infanrix hexa
2004-11-05 20:34,2017-05-17 15:09,Infanrix hexa
2007-02-27 11:23,2016-03-10 15:02,Infanrix hexa
2005-10-10 10:12,2017-08-23 03:22,Infanrix hexa
2005-10-29 22:16,2019-09-01 02:16,Infanrix hexa
2007-04-27 19:56,2020-10-28 06:32,Infanrix hexa
2009-02-11 15:18,2014-06-13 22:03,Infanrix hexa
2002-04-03 01:25,2016-10-11 14:49,Infanrix hexa
2003-12-27 11:47,2016-10-17 13:38,Infanrix hexa
2011-01-27 02:37,2019-10-03 16:34,Infanrix hexa
2007-02-11 02:56,2021-09-07 21:32,Infanrix hexa
2008-06-23 01:31,2017-09-07 02:23,Infanrix hexa
2010-11-11 08:20,2019-04-08 11:49,Infanrix hexa
2013-05-20 05:21,2020-11-20 13:33,Infanrix hexa
2013-03-18 22:32,2019-11-08 04:58,Infanrix hexa
2008-05-06 10:39,2018-03-30 09:26,Infanrix hexa
2010-04-07 17:26,2017-10-11 15:15,Infanrix hexa
2003-05-14 19:13,2020-01-11 02:25,Infanrix hexa
2009-12-28 20:38,2019-12-29 13:03,Infanrix hexa
2000-03-03 09:42,2016-05-07 00:14,Infanrix hexa
2002-11-08 11:30,2019-01-19 02:17,Infanrix hexa
2003-03-07 14:43,2014-12-09 01:06,Infanrix hexa
2009-12-14 13:02,2017-03-01 04:51,Infanrix hexa
2002-08-16 06:34,2019-09-03 20:31,Infanrix hexa
2011-04-09 19:16,2020-11-22 22:22,Infanrix hexa
2001-02-12 10:17,2020-09-09 12:06,Infanrix hexa
2007-08-21 07:06,2014-02-25 08:54,Infanrix-polio+Hib
2008-08-27 00:56,2014-06-03 19:05,Infanrix-polio+Hib
2009-03-31 03:42,2018-01-02 12:35,Infanrix-polio+Hib
2012-07-08 11:27,2014-11-08 03:37,Infanrix-polio+Hib
2012-02-10 11:48,2018-12-18 16:30,Infanrix-polio+Hib
2009-03-21 05:23,2018-09-11 11:36,Infanrix-polio+Hib
2007-09-24 11:49,2019-10-28 04:32,Infanrix-polio+Hib
2000-03-11 12:54,2015-09-27 01:55,Infanrix-polio+Hib
2001-04-15 17:33,2018-06-27 16:41,Infanrix-polio+Hib
2005-12-12 10:55,2017-07-28 14:46,Infanrix-polio+Hib
2001-05-30 06:45,2017-01-14 13:06,Infanrix-polio+Hib
2012-09-08 19:01,2018-03-26 07:39,Infanrix-polio+Hib
2011-06-10 12:54,2021-01-04 17:37,Infanrix-polio+Hib
2009-06-24 01:07,2014-02-25 02:31,Infanrix-polio+Hib
2000-12-31 10:22,2021-02-24 00:29,Infanrix-polio+Hib
2007-07-14 01:54,2016-05-27 20:54,Infanrix-polio+Hib
2008-03-21 22:24,2021-12-11 05:56,Infanrix-polio+Hib
2001-06-26 14:50,2020-08-08 15:23,Infanrix-polio+Hib
2004-11-01 18:39,2019-02-20 01:40,Infanrix-polio+Hib
2009-08-12 01:44,2017-01-14 00:33,Infanrix-polio+Hib
2007-07-10 01:28,2014-05-09 10:34,Infanrix-polio+Hib
2003-06-15 14:14,2015-09-28 15:47,Infanrix-polio+Hib
2012-05-30 15:20,2016-09-01 19:10,Infanrix-polio+Hib
2009-12-23 19:14,2016-11-18 19:47,Pentavac
2008-08-09 04:46,2016-08-08 05:50,Pentavac
2011-07-12 09:51,2017-06-11 17:50,Pentavac
2007-08-01 03:43,2021-10-30 17:03,Pentavac
2013-07-09 09:15,2017-09-09 07:07,Pentavac
2005-05-28 14:22,2018-03-15 20:21,Pentavac
2007-03-25 14:26,2021-11-15 15:34,Pentavac
2011-06-13 00:13,2015-06-21 10:41,Pentavac
2003-06-12 09:57,2021-10-11 04:22,Pentavac
2012-08-10 09:38,2016-01-10 14:52,Pentavac
2001-03-31 11:25,2020-08-11 04:37,Pentavac
2002-05-24 07:28,2017-04-29 14:49,Pentavac
2012-05-03 22:38,2014-09-30 11:36,Pentavac
2000-11-03 21:44,2015-05-17 14:10,Pentavac
2008-07-21 14:35,2021-04-04 14:00,Pentavac
2007-12-14 21:01,2014-05-05 02:39,Pentavac
2008-05-28 19:24,2014-02-15 02:19,Pentavac
2006-04-29 12:10,2020-02-18 17:12,Pentavac
2004-10-02 01:04,2015-12-26 19:20,Pentavac
2011-07-14 00:54,2021-08-14 03:02,Pentavac
2013-11-15 15:36,2017-10-28 07:16,Pentavac
2013-09-10 15:11,2020-08-15 18:35,Pentavac
2007-01-07 13:35,2018-11-12 21:23,Tetravac
2006-06-06 18:35,2020-08-28 03:58,Tetravac
2012-06-09 19:35,2019-12-11 15:10,Tetravac
2007-08-14 13:11,2014-07-17 13:11,Tetravac
2002-08-22 09:03,2014-10-29 21:43,Tetravac
2001-03-31 21:51,2016-02-28 13:12,Tetravac
2004-10-27 16:50,2017-04-01 05:34,Tetravac
2005-04-18 07:43,2020-09-28 06:08,Tetravac
2007-03-20 04:45,2014-05-15 20:52,Tetravac
2006-11-11 11:18,2021-05-06 07:05,Tetravac
2002-05-28 05:01,2014-10-20 05:58,Tetravac
2000-08-28 01:06,2021-03-15 10:45,Tetravac
2010-05-11 15:40,2014-06-04 06:46,Tetravac
2009-01-25 17:24,2021-05-08 22:25,Tetravac
2011-01-30 15:07,2019-06-26 15:23,Tetravac
2004-09-19 20:35,2020-11-18 04:48,Tetravac
2002-01-29 04:12,2014-08-14 22:51,Tetravac
2001-05-08 14:09,2015-06-09 20:51,Tetravac
2005-08-30 04:58,2018-07-19 04:16,Tetravac
2010-08-01 17:53,2018-10-23 12:45,Tetravac
2005-03-17 01:35,2019-05-04 07:02,Tetravac
2012-02-02 04:41,2022-01-23 19:08,Tetravac
2002-11-13 02:38,2017-09-09 13:43,Tetravac
2010-02-26 19:02,2017-02-01 19:07,Tetravac
2006-06-17 05:32,2022-01-10 05:55,Tetravac
2007-06-05 00:45,2014-10-04 03:22,Tetravac
2001-10-20 07:35,2017-05-03 12:43,Tetravac
2002-09-22 05:47,2018-10-01 11:55,Tetravac
2008-10-07 11:06,2014-10-07 00:19,Tetravac
2011-06-05 15:46,2016-02-16 18:39,Tetravac
2004-08-17 10:49,2021-07-29 15:47,Tetravac
2006-07-18 15:27,2014-12-18 08:58,Tetravac
2001-04-02 16:14,2019-05-16 04:26,Tetravac
2009-05-19 07:57,2015-07-23 13:18,Tetravac
2004-08-28 13:34,2018-12-18 07:49,Tetravac
2008-11-19 12:33,2021-02-15 11:43,Tetravac
2013-01-06 16:47,2018-09-26 00:01,Tetravac
2003-02-11 10:29,2021-11-23 11:09,Tetravac
2006-10-04 14:06,2020-02-15 18:37,Tetravac
2001-02-15 06:25,2016-04-30 13:16,Tetravac
2006-02-25 15:01,2017-06-12 10:50,Tetravac
2000-11-13 17:32,2016-01-08 04:19,Tetravac
2002-11-17 22:58,2014-04-27 17:35,Tetravac
2000-07-01 16:09,2018-12-29 13:36,Tetravac
2002-01-27 20:12,2014-09-18 03:20,Tetravac
2012-03-08 22:01,2015-04-12 00:37,Tetravac
2012-08-02 09:37,2021-12-24 10:35,Tetravac
2003-11-15 03:07,2017-10-22 11:11,Tetravac
2010-06-04 12:53,2019-06-07 10:40,Tetravac
2011-11-30 18:34,2016-04-02 12:11,Tetravac
2005-05-26 20:53,2014-06-08 05:14,Tetravac
2013-05-03 20:31,2014-05-14 21:37,Tetravac
2006-12-17 01:44,2018-08-12 05:29,Tetravac
2004-05-27 02:52,2020-04-06 16:11,Tetravac
2006-08-07 22:30,2018-12-02 13:00,Tetravac
2006-04-04 07:45,2018-03-17 08:00,Tetravac
2008-01-13 04:18,2016-03-21 06:11,Tetravac
2007-11-27 08:07,2016-08-27 04:37,Tetravac
2014-01-07 18:26,2015-09-13 18:25,Tetravac
2003-10-29 15:35,2018-10-02 01:03,Tetravac
2014-01-15 18:42,2017-11-21 15:36,Tetravac
2009-10-16 14:00,2014-03-21 07:26,Tetravac
2003-06-28 09:57,2015-11-21 04:50,Tetravac
2005-04-19 00:45,2019-12-26 15:34,Tetravac
2002-12-21 17:20,2018-07-09 17:24,Tetravac
2005-12-10 16:38,2014-08-22 12:11,Tetravac
2009-04-24 11:34,2017-02-01 12:22,Tetravac
2008-11-21 14:53,2021-12-07 08:57,Priorix
2007-09-27 10:50,2014-10-01 11:47,Priorix
2008-10-22 02:57,2021-02-04 21:26,Priorix
2010-12-31 15:22,2017-04-08 07:20,Priorix
2007-02-03 02:42,2016-07-02 18:17,Priorix
2005-06-29 09:24,2019-10-17 21:17,Priorix
2006-01-19 09:44,2021-01-29 01:14,Priorix
2012-04-29 16:03,2021-02-02 06:22,Priorix
2007-03-13 07:47,2021-05-10 05:33,Priorix
2010-03-17 15:57,2018-02-19 14:10,Priorix
2005-02-08 11:12,2014-05-13 02:15,Priorix
2004-03-22 19:32,2019-12-20 09:33,Priorix
2004-10-23 06:30,2017-07-09 18:33,Priorix
2008-02-14 09:13,2017-01-27 21:53,Priorix
2002-01-30 19:18,2021-03-28 11:19,Priorix
2013-03-01 13:55,2021-04-01 16:12,Priorix
2012-03-20 19:04,2014-11-10 11:34,Priorix
2009-07-01 19:27,2015-12-08 16:36,Priorix
2001-07-12 14:21,2015-08-29 03:34,Priorix
2008-03-27 00:30,2015-11-21 12:16,Priorix
2010-01-27 16:44,2014-12-12 04:27,Priorix
2010-08-19 07:21,2021-09-11 10:44,Priorix
2004-03-29 19:37,2020-09-30 10:33,Priorix
2007-02-13 03:37,2016-09-29 04:31,Priorix
2003-01-17 06:31,2018-08-14 12:43,Priorix
2008-02-18 08:03,2020-04-27 02:20,Priorix
2007-09-07 18:52,2015-12-31 02:29,Priorix
2010-12-24 18:58,2019-08-05 01:44,Priorix
2009-05-07 02:16,2015-08-05 00:08,Priorix
2009-01-28 10:21,2018-11-18 07:57,Priorix
2011-06-01 20:03,2019-06-01 13:01,Priorix
2004-08-21 09:39,2016-06-02 05:16,Priorix
2013-03-02 09:35,2015-05-21 05:25,Priorix
2002-03-31 05:12,2015-08-27 15:54,Priorix
2010-11-21 04:27,2014-10-26 05:58,Priorix
2013-10-29 14:09,2016-01-29 21:28,Priorix
2007-05-24 21:44,2014-03-04 18:04,Priorix
2011-04-05 15:12,2014-10-20 07:35,Priorix
2005-10-30 06:20,2021-04-24 07:37,Priorix
2005-02-05 00:00,2015-07-08 03:07,Priorix
2012-05-10 21:12,2018-10-28 05:29,Priorix
2005-09-06 00:32,2018-04-12 16:26,Priorix
2003-02-15 03:00,2015-08-21 12:33,Priorix
2010-02-08 11:29,2020-11-11 15:17,Priorix
2003-09-16 17:39,2021-02-13 16:11,Priorix
2009-09-24 12:29,2020-11-14 02:20,Priorix
2000-06-26 10:44,2014-11-28 19:21,Priorix
2009-03-13 07:09,2018-05-13 18:09,Priorix
2001-10-11 01:15,2015-10-23 22:05,Priorix
2004-12-20 10:38,2019-10-04 21:24,M-M-RVAXPRO
2011-05-08 13:38,2020-02-27 02:00,M-M-RVAXPRO
2004-05-01 18:58,2014-12-07 14:46,M-M-RVAXPRO
2000-03-21 16:14,2018-08-25 05:39,M-M-RVAXPRO
2000-10-14 05:36,2017-09-09 06:30,M-M-RVAXPRO
2009-07-21 07:19,2016-06-03 15:03,M-M-RVAXPRO
2002-12-31 14:20,2018-12-19 10:05,M-M-RVAXPRO
2000-04-26 22:01,2015-04-11 16:43,M-M-RVAXPRO
2003-12-11 01:22,2015-08-10 16:02,M-M-RVAXPRO
2007-03-20 19:25,2020-01-24 17:10,M-M-RVAXPRO
2000-03-09 01:38,2015-03-17 00:41,M-M-RVAXPRO
2008-03-09 05:09,2017-07-05 07:21,M-M-RVAXPRO
2009-08-13 10:26,2021-09-15 11:31,M-M-RVAXPRO
2001-10-16 09:14,2016-02-26 15:20,M-M-RVAXPRO
2009-01-31 02:55,2014-04-22 15:21,M-M-RVAXPRO
2010-10-25 20:24,2015-11-23 22:03,M-M-RVAXPRO
2013-04-03 09:05,2019-01-22 12:27,M-M-RVAXPRO
2001-09-13 07:58,2016-02-17 15:23,M-M-RVAXPRO
2011-02-08 07:26,2016-01-01 11:37,M-M-RVAXPRO
2002-06-13 00:11,2015-09-08 17:41,M-M-RVAXPRO
2011-09-11 11:29,2021-02-14 09:34,M-M-RVAXPRO
2012-03-09 06:38,2019-10-26 11:17,M-M-RVAXPRO
2007-09-07 03:09,2018-03-07 19:51,M-M-RVAXPRO
2012-08-09 18:07,2020-05-04 19:19,M-M-RVAXPRO
2002-08-13 09:27,2015-08-30 22:19,M-M-RVAXPRO
2000-05-01 10:17,2014-02-27 21:36,M-M-RVAXPRO
2002-09-15 04:57,2018-03-05 13:49,M-M-RVAXPRO
2000-05-09 14:29,2017-03-23 03:15,M-M-RVAXPRO
2009-09-30 12:57,2016-04-29 16:21,M-M-RVAXPRO
2004-04-13 04:48,2019-01-17 14:35,M-M-RVAXPRO
2003-09-29 12:52,2015-07-09 11:31,M-M-RVAXPRO
2013-11-02 04:02,2017-09-17 20:03,M-M-RVAXPRO
2003-11-18 22:55,2016-06-11 14:42,M-M-RVAXPRO
2008-11-18 18:00,2015-09-27 05:46,M-M-RVAXPRO
2013-10-03 18:20,2019-04-13 21:34,M-M-RVAXPRO
2011-06-05 03:43,2015-04-05 15:58,M-M-RVAXPRO
2005-12-14 00:13,2015-04-28 14:00,M-M-RVAXPRO
2001-12-29 02:58,2016-12-12 10:18,M-M-RVAXPRO
2004-02-23 18:20,2019-06-06 21:58,M-M-RVAXPRO
2010-10-15 16:39,2021-04-02 19:04,M-M-RVAXPRO
2004-12-24 16:38,2017-10-28 16:26,M-M-RVAXPRO
2009-05-22 22:47,2019-01-04 01:34,M-M-RVAXPRO
2011-05-08 09:20,2016-03-21 05:13,M-M-RVAXPRO
2011-11-02 18:12,2019-12-23 22:27,M-M-RVAXPRO
2006-06-25 13:19,2018-05-26 04:37,M-M-RVAXPRO
2008-06-26 11:05,2020-01-14 04:18,M-M-RVAXPRO
2009-03-03 00:27,2017-12-24 05:31,M-M-RVAXPRO
2001-03-04 12:15,2020-08-22 14:41,M-M-RVAXPRO
2003-01-06 04:52,2019-07-28 21:18,M-M-RVAXPRO
2001-09-27 05:04,2020-08-23 10:02,M-M-RVAXPRO
2012-07-21 00:04,2014-10-14 21:33,M-M-RVAXPRO
2009-05-27 17:39,2021-05-13 14:03,M-M-RVAXPRO
2000-10-08 11:20,2015-01-31 19:27,M-M-RVAXPRO
2008-02-10 01:41,2020-04-24 22:42,M-M-RVAXPRO
2000-10-29 02:06,2018-07-12 02:08,M-M-RVAXPRO
2001-07-11 15:18,2021-09-09 16:21,M-M-RVAXPRO
2008-06-15 08:53,2019-04-09 15:32,M-M-RVAXPRO
2001-05-26 19:00,2019-11-24 02:30,M-M-RVAXPRO
2013-11-03 01:57,2017-02-16 10:58,M-M-RVAXPRO
2001-01-21 02:06,2017-07-19 18:41,M-M-RVAXPRO
2002-11-04 18:26,2017-06-24 12:36,M-M-RVAXPRO
2012-01-04 10:56,2021-07-17 21:40,M-M-RVAXPRO
2004-10-08 08:58,2016-01-26 06:54,M-M-RVAXPRO
2005-07-18 02:25,2021-10-09 13:38,M-M-RVAXPRO
2008-02-01 12:38,2018-12-03 07:40,M-M-RVAXPRO
2011-03-16 19:11,2016-08-20 00:51,M-M-RVAXPRO
2006-07-18 17:33,2018-03-29 21:39,M-M-RVAXPRO
2005-01-07 14:28,2018-09-09 13:43,M-M-RVAXPRO
2003-10-17 21:45,2019-12-24 02:20,M-M-RVAXPRO
2009-10-29 04:45,2016-12-17 13:50,M-M-RVAXPRO
2008-12-09 09:01,2020-02-06 08:20,M-M-RVAXPRO
2006-06-07 10:15,2017-08-03 04:11,M-M-RVAXPRO
2013-09-16 18:01,2020-08-18 08:17,M-M-RVAXPRO
2002-11-07 22:16,2017-12-18 08:02,M-M-RVAXPRO
2011-08-16 12:09,2016-08-13 08:34,M-M-RVAXPRO
2005-04-01 02:45,2015-09-21 17:07,M-M-RVAXPRO
2007-07-28 03:34,2017-05-28 17:20,Prevenar 13
2003-07-02 12:57,2018-06-04 07:28,Prevenar 13
2004-03-14 13:28,2021-02-09 21:41,Prevenar 13
2003-07-13 14:44,2020-02-10 13:58,Prevenar 13
2001-12-30 04:07,2014-07-12 03:00,Prevenar 13
2010-02-07 11:33,2014-11-12 19:40,Prevenar 13
2012-12-17 20:16,2021-07-19 10:54,Prevenar 13
2008-12-12 16:47,2021-04-17 00:22,Prevenar 13
2013-01-10 20:30,2019-03-10 12:34,Prevenar 13
2004-03-17 18:31,2020-09-11 20:16,Prevenar 13
2009-04-28 10:14,2017-11-17 21:36,Prevenar 13
2007-06-20 07:34,2014-09-08 17:38,Prevenar 13
2011-04-14 13:15,2014-11-04 21:00,Prevenar 13
2000-05-09 16:52,2014-12-01 19:24,Prevenar 13
2013-02-21 06:25,2019-10-22 06:53,Prevenar 13
2012-05-29 17:42,2016-05-03 01:57,Prevenar 13
2005-03-01 20:22,2019-04-02 19:36,Prevenar 13
2010-05-16 14:14,2015-03-02 07:50,Prevenar 13
2007-03-28 05:51,2020-12-15 00:17,Prevenar 13
2008-06-14 05:25,2021-08-09 14:21,Prevenar 13
2007-04-03 14:36,2021-09-12 02:35,Prevenar 13
2005-11-19 03:36,2021-06-20 12:32,Prevenar 13
2008-06-10 08:02,2014-04-25 11:57,Prevenar 13
2003-06-16 20:40,2017-03-22 01:30,Prevenar 13
2012-07-11 21:15,2017-04-09 15:35,Prevenar 13
2003-09-16 05:18,2016-06-20 11:21,Prevenar 13
2011-01-17 03:35,2018-12-29 21:44,Prevenar 13
2010-08-26 18:43,2020-11-18 13:27,Prevenar 13
2013-11-17 19:57,2019-12-22 03:29,Prevenar 13
2000-11-20 08:35,2016-02-08 14:23,Prevenar 13
2007-02-16 17:18,2014-03-17 00:24,Prevenar 13
2003-10-17 16:22,2017-04-20 14:55,Prevenar 13
2010-02-05 09:25,2018-12-28 20:06,Prevenar 13
2009-08-04 12:32,2015-04-13 02:23,Prevenar 13
2003-03-27 14:48,2021-07-29 20:03,Prevenar 13
2006-03-13 07:57,2016-02-16 19:40,Prevenar 13
2010-06-22 01:09,2016-01-05 07:02,Prevenar 13
2007-08-22 03:33,2016-11-12 09:44,Prevenar 13
2001-09-05 17:29,2017-03-07 08:52,Prevenar 13
2000-05-16 16:17,2017-06-27 10:46,Prevenar 13
2010-03-13 18:23,2021-03-26 04:34,Prevenar 13
2006-02-27 03:57,2015-10-22 12:06,Prevenar 13
2011-07-22 04:39,2018-04-28 12:54,Prevenar 13
2013-12-30 19:42,2017-12-01 15:30,Prevenar 13
2005-01-15 13:52,2021-10-22 19:16,Prevenar 13
2005-12-02 10:29,2018-08-15 19:33,Prevenar 13
2003-07-24 21:16,2018-10-08 19:10,Prevenar 13
2005-05-12 07:40,2014-04-16 04:35,Prevenar 13
2000-06-10 11:13,2018-04-04 01:02,Prevenar 13
2007-05-24 04:17,2018-06-24 11:13,Prevenar 13
2009-03-07 11:00,2015-02-09 08:10,Prevenar 13
2011-08-28 03:26,2015-07-07 18:50,Prevenar 13
2003-07-20 09:24,2020-06-18 01:18,Prevenar 13
2005-06-03 11:45,2014-07-27 17:04,Prevenar 13
2013-08-23 00:23,2019-02-10 14:54,Prevenar 13
2001-06-26 04:02,2014-05-17 00:02,Prevenar 13
2009-11-02 10:42,2019-10-02 10:58,Prevenar 13
2005-02-19 14:04,2016-02-01 05:32,Prevenar 13
2000-12-08 08:47,2016-05-03 13:40,Prevenar 13
2004-11-10 20:27,2015-03-26 01:53,Prevenar 13
2007-08-29 00:17,2020-12-31 18:12,Prevenar 13
2004-05-02 08:56,2021-08-29 03:27,Prevenar 13
2000-08-20 20:09,2016-02-26 11:00,Prevenar 13
2013-06-06 13:29,2020-07-14 19:41,Prevenar 13
2003-06-28 02:31,2018-10-04 16:58,Prevenar 13
2007-03-25 11:55,2016-06-24 03:28,Prevenar 13
2005-02-03 09:45,2021-06-04 04:52,Prevenar 13
2001-04-13 06:34,2015-01-23 21:16,Prevenar 13
2001-01-01 01:19,2015-04-03 19:38,Prevenar 13
2013-11-03 14:17,2018-03-28 21:22,Prevenar 13
2001-07-03 09:12,2014-11-06 07:42,Prevenar 13
2003-08-10 09:23,2014-05-13 01:16,Prevenar 13
2002-04-18 20:15,2015-04-15 09:04,Prevenar 13
2009-10-13 16:46,2019-09-10 17:19,Prevenar 13
2009-03-16 17:56,2019-12-24 05:45,Prevenar 13
2010-06-02 22:35,2014-08-20 02:06,Prevenar 13
2004-12-31 04:16,2016-01-13 04:41,Prevenar 13
2004-07-04 13:42,2019-06-13 19:15,Prevenar 13
2012-03-25 03:09,2015-03-10 16:19,Prevenar 13
2000-03-21 10:39,2018-05-17 10:18,Prevenar 13
2007-04-14 19:29,2016-05-26 16:02,Prevenar 13
2005-02-24 02:18,2021-10-29 09:24,Prevenar 13
2004-02-25 07:03,2017-11-05 20:14,Prevenar 13
2007-05-12 14:04,2016-08-11 15:50,Prevenar 13
2002-07-26 01:51,2021-12-30 15:54,Prevenar 13
2008-10-23 05:29,2016-04-28 06:23,Prevenar 13
2013-02-09 22:22,2018-05-30 13:08,Prevenar 13
2010-07-01 02:46,2021-05-13 04:37,Prevenar 13
2002-12-25 19:19,2019-02-20 11:39,Prevenar 13
2001-03-16 06:20,2021-01-05 06:00,Prevenar 13
2005-10-07 13:32,2016-09-08 10:49,Prevenar 13
2006-04-09 22:19,2018-11-23 00:07,Prevenar 13
2004-11-16 12:19,2021-08-06 21:06,Prevenar 13
2006-12-02 22:14,2019-01-01 22:24,Prevenar 13
2008-09-07 20:29,2018-06-07 10:36,Prevenar 13
2001-12-30 18:40,2019-05-02 15:04,Prevenar 13
2006-08-16 11:37,2015-07-11 06:12,Prevenar 13
2008-12-20 21:22,2020-12-05 08:21,Prevenar 13
2009-10-27 10:00,2016-03-26 16:17,Prevenar 13
2008-02-04 04:18,2017-07-26 21:35,Prevenar 13
2000-09-16 22:43,2019-04-26 04:13,Prevenar 13
2003-08-08 18:55,2021-08-23 03:23,Prevenar 13
2005-05-28 13:14,2016-11-01 04:00,Prevenar 13
2012-11-18 01:29,2020-01-27 20:37,Prevenar 13
2007-09-06 10:48,2019-04-29 06:24,Prevenar 13
2004-07-26 05:13,2015-05-24 01:43,Prevenar 13
2006-10-09 02:37,2016-01-28 00:00,Prevenar 13
2011-05-27 18:02,2019-07-17 14:35,Synflorix
2005-06-25 12:54,2018-03-10 06:58,Synflorix
2013-06-01 17:53,2019-10-24 11:30,Synflorix
2012-07-27 22:11,2020-08-27 07:20,Synflorix
2002-05-26 06:33,2018-08-03 06:06,Synflorix
2006-05-01 11:36,2018-06-29 12:36,Synflorix
2000-03-27 08:05,2018-04-27 11:24,Synflorix
2010-05-26 13:43,2019-01-25 20:03,Synflorix
2011-07-27 07:10,2016-11-01 08:50,Synflorix
2008-06-07 12:26,2015-09-09 17:45,Synflorix
2002-03-30 14:43,2015-09-19 19:25,Synflorix
2013-02-23 19:51,2016-05-19 16:08,Synflorix
2005-07-02 09:01,2019-05-27 10:50,Synflorix
2005-12-05 02:22,2020-09-03 06:39,Synflorix
2009-07-13 17:08,2015-07-20 22:34,Synflorix
2011-01-28 20:15,2018-01-23 09:03,Synflorix
2003-04-17 09:58,2015-09-17 08:39,Synflorix
2005-10-22 22:01,2014-06-07 08:31,Synflorix
2008-02-18 00:12,2015-03-18 17:13,Synflorix
2012-10-05 15:35,2021-05-04 10:18,Synflorix
2002-12-24 08:33,2019-06-03 03:40,Synflorix
2002-11-28 04:50,2015-09-29 00:21,Synflorix
2010-06-28 04:17,2014-09-10 02:26,Synflorix
2009-08-19 09:03,2016-06-03 13:52,Synflorix
2006-09-05 18:22,2016-12-31 21:46,Synflorix
2001-03-11 00:28,2018-12-21 09:05,Synflorix
2002-10-20 22:18,2016-07-19 20:48,Synflorix
2012-08-12 13:52,2022-01-22 20:54,Synflorix
2013-08-05 15:48,2017-09-27 01:13,Synflorix
2012-02-22 02:48,2018-02-05 16:19,Synflorix
2011-02-09 00:30,2016-01-02 08:12,Synflorix
2000-03-22 18:01,2019-04-27 16:44,Synflorix
2006-05-29 19:29,2015-10-02 21:08,Synflorix
2013-01-23 05:06,2021-06-03 06:30,Synflorix
2002-05-28 11:26,2015-02-25 12:37,Synflorix
2010-06-08 05:26,2021-04-03 08:48,Synflorix
2012-02-02 12:48,2016-11-19 06:26,Synflorix
2004-06-28 19:53,2014-10-31 11:49,Synflorix
2006-04-11 22:42,2019-02-24 22:21,Synflorix
2006-07-14 18:21,2016-12-06 00:26,Synflorix
2000-09-14 13:07,2014-04-03 19:54,Synflorix
2009-03-16 00:10,2016-03-30 07:42,Synflorix
2001-11-06 20:52,2015-10-27 21:33,Synflorix
2004-02-09 13:28,2016-05-04 09:52,Synflorix
2007-05-09 06:57,2014-05-08 07:34,Synflorix
2007-07-22 11:32,2014-04-04 22:07,Synflorix
2010-03-11 04:21,2018-11-18 00:22,Synflorix
2012-12-26 17:43,2014-06-08 10:17,Synflorix
2013-02-10 05:51,2016-04-09 11:33,Synflorix
2012-12-11 05:32,2020-02-05 21:40,Synflorix
2009-02-01 07:39,2018-01-21 09:33,Synflorix
2009-03-28 18:28,2020-01-14 18:50,Synflorix
2012-03-29 03:54,2019-02-10 12:33,Synflorix
2002-09-24 09:01,2014-07-17 19:50,Synflorix
2006-05-28 22:44,2014-03-21 14:31,Synflorix
2013-11-15 19:29,2019-05-11 12:51,Synflorix
2009-10-22 17:41,2017-02-22 00:58,Synflorix
2013-01-29 20:43,2016-01-11 01:55,Synflorix
2004-09-15 08:07,2016-10-07 16:17,Synflorix
2012-09-24 10:44,2021-05-02 05:48,Synflorix
2002-06-30 07:35,2018-01-16 14:21,Synflorix
2007-03-31 08:34,2020-07-11 05:20,Synflorix
2012-11-13 08:25,2020-08-09 18:23,Synflorix
2006-12-29 10:56,2020-06-25 01:10,Synflorix
2008-07-16 13:52,2021-08-27 16:40,Synflorix
2000-09-27 11:37,2015-02-26 08:47,Synflorix
2006-07-26 04:30,2016-09-30 09:40,Synflorix
2001-02-17 00:33,2015-12-24 00:10,Synflorix
2007-10-25 09:25,2016-07-18 00:34,Synflorix
2004-05-30 22:19,2019-10-11 20:18,Synflorix
2007-10-31 18:16,2020-08-10 01:32,Synflorix
2009-03-22 12:14,2016-08-21 08:24,Synflorix
2004-10-27 17:51,2015-11-23 22:46,Synflorix
2011-09-24 10:17,2015-09-05 11:26,Synflorix
2009-06-27 01:35,2015-05-24 15:13,Synflorix
2005-01-28 16:39,2015-09-07 10:23,Synflorix
2010-01-23 01:33,2019-09-05 10:11,Synflorix
2007-02-06 22:20,2015-06-06 15:26,Synflorix
2012-09-03 22:34,2016-04-05 06:09,Synflorix
2003-01-23 20:15,2016-05-24 05:31,Synflorix
2005-05-07 08:21,2015-07-14 09:32,Synflorix
2006-10-11 14:31,2018-01-16 10:16,Synflorix
2005-09-16 12:46,2015-03-12 05:44,Imovax Polio
2012-06-16 15:40,2015-11-02 09:05,Imovax Polio
2011-08-15 16:46,2019-03-29 12:19,Imovax Polio
2002-02-16 04:23,2018-07-14 18:12,Imovax Polio
2011-04-02 02:14,2017-05-12 04:35,Imovax Polio
2003-12-07 08:23,2021-03-23 09:04,Imovax Polio
2003-02-14 05:52,2021-10-02 10:25,Imovax Polio
2006-03-12 01:06,2021-05-17 01:13,Imovax Polio
2001-12-19 16:19,2018-07-20 22:27,Imovax Polio
2006-03-11 00:19,2019-12-13 02:02,Imovax Polio
2004-08-27 12:07,2019-07-01 18:25,Imovax Polio
2013-05-11 08:26,2021-02-05 13:25,Imovax Polio
2006-02-20 14:40,2020-04-13 20:06,Imovax Polio
2006-04-01 10:19,2020-12-29 20:11,Imovax Polio
2012-01-17 07:02,2015-05-29 09:22,Imovax Polio
2012-07-26 02:09,2018-06-20 17:21,Imovax Polio
2002-10-23 09:45,2019-07-10 15:12,Imovax Polio
2003-09-13 21:30,2014-12-23 22:48,Imovax Polio
2009-10-21 20:26,2018-03-14 05:13,Imovax Polio
2005-11-25 16:53,2019-04-24 05:31,Imovax Polio
2013-11-03 14:38,2016-09-06 03:40,Imovax Polio
2002-06-30 08:00,2021-05-12 22:09,Imovax Polio
2013-01-12 20:53,2014-03-05 10:47,Imovax Polio
2011-05-06 16:16,2022-01-27 02:28,Imovax Polio
2013-06-05 07:33,2019-01-04 08:38,Act-Hib
2012-02-04 05:46,2017-03-30 22:32,Act-Hib
2008-02-09 10:36,2018-08-06 11:51,Act-Hib
2004-07-11 21:21,2019-09-16 01:00,Act-Hib
2002-02-06 14:16,2021-02-09 21:34,Act-Hib
2007-03-25 19:18,2019-10-05 08:57,Act-Hib
2004-11-15 17:45,2017-07-11 16:55,Act-Hib
2007-02-18 21:30,2021-08-11 04:37,Act-Hib
2011-11-03 00:34,2019-01-09 14:55,Act-Hib
2001-12-25 00:12,2021-08-24 17:39,Act-Hib
2008-03-22 02:12,2018-11-08 12:48,Act-Hib
2001-01-02 17:54,2019-06-05 06:24,Act-Hib
2011-07-24 15:07,2015-01-20 01:41,Act-Hib
2013-02-21 12:58,2014-08-20 06:41,Act-Hib
2010-11-30 06:26,2020-11-27 12:35,Act-Hib
2001-08-08 00:20,2018-07-28 18:53,Act-Hib
2004-11-09 09:57,2020-10-21 18:12,Act-Hib
2000-06-13 07:42,2017-06-17 14:57,Act-Hib
2006-04-07 17:48,2018-07-06 05:28,Act-Hib
2013-10-08 00:57,2020-10-20 04:16,Act-Hib
2005-01-04 14:26,2020-08-29 22:56,Act-Hib
2012-03-23 10:34,2021-06-24 21:56,Act-Hib
2002-07-10 16:51,2019-04-09 05:57,Act-Hib
2008-05-19 19:28,2017-01-02 01:57,Act-Hib
2005-09-04 17:56,2019-03-27 22:40,Act-Hib
2003-03-16 05:06,2015-12-08 08:08,Act-Hib
2010-08-25 14:58,2019-07-07 13:06,Act-Hib
2001-01-25 08:05,2020-02-28 06:53,Act-Hib
2001-08-08 07:05,2014-06-04 00:05,Act-Hib
2010-08-28 12:35,2016-11-17 05:24,Act-Hib
2000-05-04 04:06,2020-01-06 06:13,Act-Hib
2000-10-10 15:28,2015-04-02 15:41,Gardasil
2007-10-15 19:34,2015-02-20 21:34,Gardasil
2001-12-27 22:01,2015-02-24 12:16,Gardasil
2008-03-06 16:34,2019-06-30 09:45,Gardasil
2007-05-21 21:23,2017-05-22 06:26,Gardasil
2006-02-21 01:03,2020-06-21 08:25,Gardasil
2003-05-16 04:32,2018-05-20 05:16,Gardasil
2003-02-24 16:10,2015-09-17 01:49,Gardasil
2006-04-19 04:32,2017-04-01 06:08,Gardasil
2004-10-02 08:54,2017-03-27 13:44,Gardasil
2007-07-01 13:23,2019-05-19 06:57,Gardasil
2002-12-27 05:49,2016-12-15 16:56,Gardasil
2001-10-09 11:47,2020-06-23 15:23,Gardasil
2005-08-17 00:19,2017-06-26 15:13,Gardasil
2000-04-20 06:31,2020-01-24 03:07,Gardasil
2000-03-20 08:01,2015-12-31 09:39,Gardasil
2000-10-04 05:45,2020-03-08 16:32,Gardasil
2011-04-28 13:49,2019-12-24 01:14,Gardasil
2005-06-13 19:44,2015-05-08 19:05,Gardasil
2009-12-21 04:46,2021-07-14 18:37,Gardasil
2010-03-25 06:31,2019-10-04 03:54,Gardasil
2010-08-06 18:36,2021-09-20 06:41,Gardasil
2003-11-18 08:05,2019-01-25 08:06,Gardasil
2006-04-19 19:39,2018-07-11 12:57,Gardasil
2002-07-25 12:08,2019-11-24 18:29,Gardasil
2013-08-16 16:14,2016-01-02 14:00,Gardasil
2013-10-14 18:39,2019-10-09 19:45,Gardasil
2009-06-14 16:15,2022-01-31 10:36,Gardasil
2008-11-17 15:39,2017-06-08 06:47,Gardasil
2002-02-09 21:37,2014-05-16 04:44,Gardasil
2013-12-12 00:50,2020-09-13 05:21,Gardasil
2004-04-17 20:42,2021-02-03 16:53,Gardasil
2001-12-29 16:22,2016-11-10 12:43,Gardasil
2011-10-05 14:39,2016-10-17 22:42,Gardasil
2012-06-07 07:49,2021-05-02 13:36,Gardasil
2005-10-09 07:03,2015-01-27 14:28,Gardasil
2004-10-06 13:39,2018-07-25 04:40,Gardasil
2013-10-08 05:32,2014-10-29 05:12,Gardasil
2012-02-04 16:47,2020-04-23 19:17,Gardasil
2006-10-18 20:30,2018-10-27 16:41,Gardasil
2011-09-13 13:45,2019-12-22 08:21,Gardasil
2010-02-01 15:14,2019-10-25 01:34,Gardasil
2006-11-23 12:47,2021-12-29 05:52,Gardasil
2009-10-03 21:37,2014-05-02 16:11,Gardasil
2003-12-22 04:57,2017-08-07 02:31,Gardasil
2000-12-12 14:11,2017-08-23 21:47,Gardasil
2003-05-14 22:35,2020-03-03 11:45,Gardasil
2009-06-11 20:38,2019-02-22 07:38,Gardasil
2013-03-30 01:05,2016-07-28 09:33,Gardasil
2005-12-13 05:29,2014-03-30 18:49,Gardasil
2011-10-06 16:26,2019-06-02 17:25,Gardasil
2000-03-22 11:01,2020-05-03 02:31,Gardasil
2011-01-09 12:39,2021-11-24 21:56,Gardasil
2002-11-07 22:51,2019-10-18 15:55,Gardasil
2013-10-14 11:23,2016-02-17 10:41,Gardasil
2007-10-13 12:28,2015-04-05 03:37,Gardasil
2010-02-28 14:44,2018-02-13 07:19,Gardasil
2011-10-01 03:47,2021-06-09 22:31,Gardasil
2010-12-08 10:17,2018-02-18 09:35,Gardasil
2013-04-14 18:50,2015-09-11 15:14,Gardasil
2011-11-16 10:58,2014-02-21 00:33,Gardasil
2007-05-24 04:37,2020-10-16 13:44,Gardasil
2001-11-03 11:07,2021-05-30 02:30,Gardasil
2000-06-22 02:57,2014-12-26 15:45,Gardasil
2005-10-02 16:26,2019-07-11 14:00,Gardasil
2002-04-30 09:57,2021-11-19 07:03,Gardasil
2000-12-27 11:31,2018-07-07 14:35,Gardasil
2006-03-30 08:04,2020-01-01 03:29,Gardasil
2002-05-25 19:47,2016-10-24 19:52,Gardasil
2006-04-11 17:07,2014-10-27 22:55,Gardasil
2007-11-13 11:08,2019-08-05 03:51,Gardasil
2001-11-24 04:40,2020-03-22 14:09,Gardasil
2013-04-25 13:09,2022-01-26 04:38,Gardasil
2009-01-07 18:17,2022-01-19 00:55,Gardasil
2000-06-14 07:09,2019-01-27 17:07,Gardasil
2003-12-23 13:58,2017-12-22 04:41,Gardasil
2000-08-24 19:30,2015-07-26 12:21,Gardasil
2005-12-16 00:12,2021-04-21 18:46,Gardasil
2001-12-24 06:55,2018-11-09 05:01,Gardasil
2011-01-03 02:18,2017-05-05 22:51,Gardasil
2004-07-29 01:08,2016-06-22 08:00,Gardasil
2013-03-12 13:41,2019-11-11 08:37,Gardasil
2002-12-05 14:14,2021-07-19 18:57,Gardasil
2006-06-29 07:36,2020-06-17 22:42,Gardasil
2005-11-26 11:58,2017-03-16 20:29,Gardasil
2012-02-26 13:24,2017-10-23 19:15,Gardasil
2012-02-03 00:07,2019-04-13 16:16,Gardasil
2001-10-20 16:47,2017-09-18 05:16,Gardasil
2010-05-10 14:15,2020-05-22 19:02,Gardasil
2009-10-31 11:50,2021-09-24 02:43,Gardasil
2013-05-24 01:50,2016-04-28 19:30,Gardasil
2013-07-05 03:09,2019-08-20 05:46,Gardasil
2014-01-30 11:14,2016-07-29 12:42,Gardasil
2007-06-16 07:44,2021-10-06 13:48,Gardasil
2002-11-07 10:21,2020-11-07 09:26,Gardasil
2011-08-30 12:47,2014-02-16 09:05,Gardasil
2002-09-30 15:44,2018-07-13 15:46,Gardasil
2008-12-21 06:11,2016-10-31 08:05,Cervarix
2009-07-04 13:38,2020-10-26 05:34,Cervarix
2003-10-07 20:19,2018-11-25 05:13,Cervarix
2005-08-05 19:53,2019-03-23 19:21,Cervarix
2010-08-01 05:11,2018-04-21 09:19,Cervarix
2009-12-25 08:48,2020-01-24 14:37,Cervarix
2009-12-21 06:39,2016-11-20 16:41,Cervarix
2002-10-11 22:55,2017-11-14 00:24,Boostrix
2012-02-03 19:22,2014-03-13 04:03,Boostrix
2011-12-02 19:07,2014-06-20 02:46,Boostrix
2002-01-25 17:53,2019-11-23 18:40,Boostrix
2003-04-07 20:51,2014-12-28 20:00,Boostrix
2009-10-23 17:16,2021-07-05 19:25,Boostrix
2008-07-17 21:56,2014-03-31 18:29,Boostrix
2010-06-04 08:06,2015-12-20 19:44,Boostrix
2005-10-18 01:44,2016-01-18 06:25,Boostrix
2003-06-07 14:49,2014-08-11 19:58,Boostrix
2006-09-20 09:52,2016-06-15 18:49,Boostrix
2008-04-28 03:32,2019-12-08 02:12,Boostrix
2001-05-23 09:41,2017-03-26 21:54,Boostrix
2003-05-27 15:18,2018-09-15 03:39,Boostrix
2010-02-26 07:44,2017-01-18 22:50,Boostrix
2004-10-13 18:54,2020-12-20 00:03,Boostrix
2007-02-04 18:00,2015-04-18 00:11,Boostrix
2001-07-14 07:32,2020-01-28 10:39,Boostrix
2000-12-05 03:01,2020-09-17 12:57,Boostrix
2010-02-10 11:47,2015-08-23 15:26,Boostrix
2005-11-29 17:11,2019-12-26 17:21,Boostrix
2005-09-10 21:04,2014-09-28 08:20,Boostrix
2009-06-23 17:56,2022-01-27 12:34,Boostrix
2011-06-26 19:09,2021-10-11 13:55,Boostrix
2007-02-11 07:25,2017-01-15 01:03,Boostrix
2005-05-27 05:24,2021-06-01 04:56,Boostrix
2007-09-22 21:44,2015-05-04 05:37,Boostrix
2004-12-07 11:56,2018-05-28 18:35,Boostrix
2004-05-20 09:23,2017-06-07 09:52,Boostrix
2009-12-21 08:53,2021-07-08 04:10,Boostrix
2014-01-28 19:10,2019-02-06 18:08,Boostrix
2009-12-10 20:41,2020-10-07 01:31,Boostrix
2014-01-18 15:31,2020-01-18 21:01,Boostrix
2000-04-26 08:34,2016-09-10 03:30,Boostrix
2007-01-21 03:45,2020-02-02 16:22,Boostrix
2007-09-05 02:31,2017-07-23 06:47,Boostrix
2010-12-06 15:07,2015-04-15 15:37,Boostrix
2006-07-21 21:32,2014-08-28 05:04,Boostrix
2008-06-28 09:53,2021-09-09 12:37,Boostrix
2009-01-17 03:56,2021-11-14 03:23,Triaxis
2012-03-02 06:58,2021-08-27 14:22,Triaxis
2010-10-11 22:02,2020-04-20 09:45,Triaxis
2011-11-03 21:42,2018-10-28 15:51,Triaxis
2005-04-11 03:55,2015-05-28 07:17,Triaxis
2007-05-16 11:27,2017-08-12 00:17,Triaxis
2010-11-20 07:22,2018-05-21 17:22,Triaxis
2003-02-05 06:40,2015-11-25 21:38,diTeBooster
2004-07-19 08:48,2014-04-11 12:37,diTeBooster
2004-05-15 12:30,2016-04-20 16:09,diTeBooster
2008-04-16 18:36,2014-05-25 13:30,diTeBooster
2001-03-05 04:16,2019-02-27 09:15,diTeBooster
2009-08-12 00:18,2021-05-23 06:03,diTeBooster
2004-02-23 12:01,2015-05-29 02:15,diTeBooster
2002-03-31 02:18,2015-10-16 21:37,diTeBooster
2005-12-10 17:54,2017-06-25 06:11,diTeBooster
2005-04-15 17:53,2015-02-09 22:35,diTeBooster
2012-08-30 02:01,2016-02-28 12:12,diTeBooster
2002-12-28 10:48,2015-07-31 07:12,diTeBooster
2001-04-21 04:05,2020-03-10 15:04,diTeBooster
2004-05-20 18:00,2019-02-01 22:22,diTeBooster
2000-08-07 05:31,2021-02-04 07:26,diTeBooster
2003-04-26 22:34,2015-01-30 10:39,diTeBooster
2006-07-14 03:20,2014-11-04 08:15,diTeBooster
2011-11-13 19:49,2021-12-31 10:52,diTeBooster
2010-11-13 16:18,2016-04-28 17:38,diTeBooster
2010-04-29 17:40,2019-08-19 02:55,diTeBooster
2001-08-26 15:09,2014-12-07 22:00,diTeBooster
2002-10-18 08:00,2019-06-15 21:05,diTeBooster
2010-02-28 15:52,2019-10-06 05:27,Difteri-vaccine
2008-08-13 07:09,2021-06-14 01:51,Difteri-vaccine
2003-04-08 13:36,2020-06-08 15:36,Difteri-vaccine
2012-07-09 13:04,2017-08-25 18:18,Tetanus vaccine
2009-08-01 12:57,2019-10-03 13:47,Tetanus vaccine
2014-01-02 10:26,2016-04-16 20:25,Tetanus vaccine
2002-06-08 08:51,2021-11-06 05:45,Tetanus vaccine
2001-05-01 19:51,2017-05-09 16:47,Tetanus vaccine
2007-08-26 07:52,2018-07-25 09:21,Tetanus vaccine
2000-05-27 21:18,2016-09-23 13:29,Tetanus vaccine
2005-08-02 10:32,2015-03-25 03:37,Tetanus vaccine
2006-02-23 14:03,2015-03-22 01:37,Tetanus vaccine
2005-09-24 02:47,2020-12-20 08:15,Tetanus vaccine
2008-10-02 20:30,2020-12-22 05:49,Tetanus vaccine
2009-12-12 18:09,2017-05-22 19:50,Tetanus vaccine
2013-03-19 06:47,2018-07-18 09:01,Tetanus vaccine
2000-11-17 21:34,2017-10-23 08:29,Tetanus vaccine
2000-06-17 03:45,2021-04-24 16:20,Tetanus vaccine
2005-07-28 14:41,2019-01-25 21:21,Tetanus vaccine
2011-08-27 08:20,2016-03-30 17:12,Tetanus vaccine
2002-04-11 11:21,2016-03-03 08:01,Tetanus vaccine
2003-02-24 02:21,2021-04-05 14:21,Tetanus vaccine
2004-11-02 02:17,2020-11-04 03:52,Infanrix Polio
2006-10-22 21:51,2018-12-08 02:13,Infanrix Polio
2010-02-15 13:22,2021-08-02 18:07,Infanrix Polio
2001-11-10 17:28,2019-11-28 14:17,Infanrix Polio
2002-12-16 11:38,2021-04-20 13:44,Infanrix Polio
2013-01-02 04:30,2020-12-25 16:11,Infanrix Polio
2001-03-19 00:09,2018-06-16 16:56,Infanrix Polio
2002-04-30 17:12,2019-10-17 16:24,Infanrix Polio
2010-12-31 11:41,2018-09-03 08:52,Infanrix Polio
2009-06-25 19:51,2018-04-23 01:35,Infanrix Polio
2007-10-12 16:55,2016-03-13 03:37,Infanrix Polio
2009-09-19 15:29,2020-11-26 19:00,Infanrix Polio
2004-10-26 06:26,2018-12-21 07:44,Infanrix Polio
2000-12-13 08:13,2019-03-31 11:52,Infanrix Polio
2010-10-11 18:14,2015-06-07 22:35,Infanrix Polio
2006-06-05 20:00,2020-04-05 02:55,Infanrix Polio
2005-10-04 18:05,2015-09-16 22:13,Infanrix Polio
2007-10-27 12:02,2021-04-24 22:30,Infanrix Polio
2012-09-22 17:06,2015-05-22 09:48,Infanrix Polio
2012-07-08 00:35,2015-09-01 08:31,Infanrix Polio
2003-06-15 03:36,2016-09-21 13:45,Infanrix Polio
2006-11-28 10:57,2018-04-19 12:30,Infanrix Polio
2011-12-02 21:36,2020-04-26 20:34,Infanrix Polio
2008-07-07 09:21,2017-11-08 09:53,Infanrix Polio
2013-08-23 14:26,2019-09-01 02:43,Infanrix Polio
2006-01-11 19:29,2018-12-03 03:52,Infanrix Polio
2006-06-12 12:22,2019-08-10 22:00,Infanrix Polio
2004-03-08 19:57,2014-12-23 05:26,VeroPol
2000-10-08 07:14,2021-08-26 10:01,VeroPol
2001-02-17 11:48,2020-04-04 17:51,Boostrix Polio
2009-10-26 05:55,2018-03-11 12:28,Boostrix Polio
2012-06-11 19:44,2019-03-06 01:45,Boostrix Polio
2004-06-07 21:35,2019-09-09 12:29,Boostrix Polio
2011-05-10 01:03,2019-08-01 14:30,Boostrix Polio
2006-05-21 13:47,2014-06-25 11:55,Boostrix Polio
2010-04-07 18:52,2017-08-16 21:23,Boostrix Polio
2001-12-08 17:31,2021-11-20 12:51,Boostrix Polio
2006-06-12 15:10,2019-12-16 20:43,Boostrix Polio
2008-01-22 13:52,2014-03-14 12:14,Boostrix Polio
2010-11-18 00:38,2020-06-27 02:06,Boostrix Polio
2011-01-03 00:35,2020-10-29 08:07,Boostrix Polio
2001-09-26 14:05,2014-06-18 02:38,Boostrix Polio
2009-02-28 00:43,2015-07-02 04:26,Boostrix Polio
2010-03-21 07:51,2014-02-23 07:51,Boostrix Polio
2009-06-05 07:44,2022-01-04 12:04,Boostrix Polio
2000-08-08 17:58,2017-11-11 22:08,Boostrix Polio
2003-10-31 18:50,2020-06-29 17:43,Boostrix Polio
2008-05-13 01:35,2015-02-21 02:49,Boostrix Polio
2003-03-24 03:01,2021-05-23 01:02,Boostrix Polio
2009-04-23 04:50,2021-05-20 12:57,Boostrix Polio
2006-01-27 06:31,2020-05-13 13:21,Boostrix Polio
2007-10-21 06:37,2019-08-01 10:26,Boostrix Polio
2004-12-08 01:51,2016-11-18 08:23,Boostrix Polio
2004-06-07 15:08,2020-04-01 11:54,Boostrix Polio
2013-11-14 04:20,2020-11-09 09:57,Boostrix Polio
2009-11-16 17:30,2017-10-24 22:12,Boostrix Polio
2004-03-04 14:54,2018-12-24 16:23,Boostrix Polio
2013-01-31 11:30,2021-11-20 06:44,Boostrix Polio
2013-11-05 20:12,2020-10-30 19:15,Boostrix Polio
2009-09-26 21:12,2021-01-02 03:56,Boostrix Polio
2011-04-24 19:35,2014-06-27 18:35,Boostrix Polio
2008-07-16 13:46,2019-02-12 22:15,Boostrix Polio
2005-01-29 19:45,2021-01-05 20:23,Boostrix Polio
2008-08-11 17:36,2015-06-11 07:27,Boostrix Polio
2001-10-21 07:50,2020-11-03 18:48,Boostrix Polio
2007-07-12 10:17,2021-03-23 14:24,Boostrix Polio
2000-08-18 16:58,2016-01-14 07:38,Boostrix Polio
2005-10-21 05:24,2020-04-10 15:21,Hexyon
2012-02-28 21:58,2016-02-17 04:45,Hexyon
2011-09-07 08:51,2021-11-02 12:32,Hexyon
2009-01-13 09:06,2020-03-22 19:30,Hexyon
2010-03-11 01:39,2020-11-06 17:44,Hexyon
2011-05-12 01:27,2021-06-13 08:05,Hexyon
2005-09-18 09:14,2021-04-21 07:26,Hexyon
2010-12-18 07:09,2017-09-15 19:44,Hexyon
2008-04-04 04:32,2015-10-31 09:52,Hexyon
2010-09-08 19:29,2017-07-27 21:13,Hexyon
2002-11-20 20:10,2015-07-13 02:01,Hexyon
2007-02-26 15:36,2014-06-05 19:34,Hexyon
2001-01-15 06:12,2021-09-20 03:57,Hexyon
2003-03-14 00:53,2021-06-15 07:49,Hexyon
2008-07-03 05:01,2015-01-15 05:12,Hexyon
2010-09-07 02:47,2015-04-11 21:18,Hexyon
2010-12-01 08:54,2017-01-18 11:13,Hexyon
2004-05-06 06:43,2020-06-21 11:40,Hexyon
2008-07-18 14:08,2019-02-17 12:04,Hexyon
2001-02-19 13:53,2021-06-10 17:27,Hexyon
2003-10-18 13:51,2015-10-16 07:16,Hexyon
2005-02-02 10:18,2021-09-25 03:39,Hexyon
2009-12-30 18:43,2021-08-25 03:53,Hexyon
2000-10-02 07:20,2020-08-10 16:17,Hexyon
2005-06-18 01:24,2019-09-14 16:26,Hexyon
2003-09-30 17:36,2016-08-16 04:12,Hexyon
2006-07-13 20:37,2019-03-11 01:05,Hexyon
2010-10-16 08:38,2014-05-19 12:43,Hexyon
2001-10-23 20:04,2021-05-16 05:24,Hexyon
2008-06-22 06:00,2020-03-16 01:25,Hexyon
2010-12-27 15:25,2020-01-11 10:08,Hexyon
2001-05-16 15:41,2022-01-27 00:33,Hexyon
2002-12-17 10:58,2016-08-13 22:37,Hexyon
2008-03-29 14:36,2015-05-05 04:00,Hexyon
2003-04-06 17:07,2021-01-24 05:51,Pneumovax
2009-11-28 11:17,2018-10-05 15:09,Pneumovax
2007-05-31 08:20,2019-11-23 05:30,Pneumovax
2010-05-13 11:30,2014-09-21 00:23,Pneumovax
2010-10-25 13:34,2018-05-16 22:00,Pneumovax
2009-01-27 13:02,2017-09-24 21:47,Pneumovax
2004-02-12 18:01,2015-01-10 07:09,Pneumovax
2006-09-11 04:25,2018-09-27 05:19,Pneumovax
2011-06-20 17:49,2017-07-13 18:14,Pneumovax
2000-07-10 18:01,2019-10-12 13:25,Pneumovax
2004-07-07 20:27,2018-12-12 08:08,Pneumovax
2007-12-15 08:01,2019-01-18 01:14,Pneumovax
2010-11-05 21:21,2019-02-27 05:21,Pneumovax
2011-06-28 20:27,2020-10-31 10:40,Pneumovax
2002-12-21 12:08,2015-10-08 20:01,Pneumovax
2013-02-19 05:10,2016-11-22 16:49,Pneumovax
2002-10-18 01:14,2021-04-26 10:01,Pneumovax
2004-02-10 16:31,2014-12-04 13:32,Pneumovax
2008-06-15 07:42,2015-11-17 21:43,Pneumovax
2002-10-03 19:30,2014-03-24 04:16,Pneumovax
2003-10-20 22:38,2017-05-31 20:13,Pneumovax
2013-10-26 08:07,2017-05-23 06:15,Pneumovax
2006-07-24 16:50,2018-01-07 10:33,Pneumovax
2002-02-17 12:41,2016-04-26 13:38,Pneumovax
2011-04-22 21:53,2016-02-02 11:56,Pneumovax
2010-11-13 14:25,2018-01-08 17:49,Pneumovax
2001-07-03 21:28,2014-12-28 13:22,Pneumovax
2004-02-28 14:05,2021-04-28 02:13,Pneumovax
2006-03-01 13:27,2016-12-12 16:24,Pneumovax
2000-10-22 21:02,2018-02-28 10:48,Pneumovax
2008-03-04 14:47,2017-11-02 03:15,Pneumovax
2013-06-24 05:42,2022-01-07 00:26,Pneumovax
2004-06-21 16:35,2020-02-03 07:20,Pneumovax
2002-08-23 08:07,2019-11-14 07:45,Pneumovax
2007-04-19 02:08,2014-12-18 15:36,Pneumovax
2007-02-26 16:54,2017-12-05 02:14,Pneumovax
2010-06-20 18:51,2022-01-15 02:00,Pneumovax
2013-12-21 07:30,2018-06-08 07:10,Pneumovax
2001-02-25 00:36,2015-03-22 06:43,Pneumovax
2003-06-09 03:52,2017-05-09 04:29,Pneumovax
2013-07-06 00:05,2016-07-23 00:22,Pneumovax
2000-11-26 02:10,2020-10-10 12:46,Pneumovax
2003-01-31 19:40,2020-02-25 03:30,Pneumovax
2005-12-30 22:53,2021-01-24 11:29,Pneumovax
2003-03-18 01:41,2018-04-25 11:07,Pneumovax
2006-01-27 14:19,2016-01-30 05:42,Pneumovax
2002-04-18 08:15,2018-01-28 12:05,Pneumovax
2003-08-13 17:14,2014-11-20 14:36,Pneumovax
2011-05-16 13:17,2017-11-06 01:25,Pneumovax
2008-06-02 01:42,2018-09-26 13:17,Pneumovax
2009-06-15 06:33,2018-02-17 12:50,Pneumovax
2006-09-01 17:32,2019-11-15 15:07,Pneumovax
2012-10-13 22:52,2018-03-30 09:24,Pneumovax
2013-05-03 13:10,2017-03-29 17:44,Pneumovax
2007-10-01 14:06,2016-09-13 13:08,Pneumovax
2008-03-05 20:21,2018-05-24 15:52,Pneumovax
2013-08-25 11:44,2020-01-09 22:39,Pneumovax
2010-07-30 18:20,2021-10-24 17:23,Pneumovax
2008-04-10 03:38,2014-07-06 12:03,Pneumovax
2007-07-20 20:02,2020-05-28 00:23,Pneumovax
2007-08-12 08:53,2014-08-28 09:17,Pneumovax
2000-03-02 17:53,2019-03-31 21:23,Silgard
2009-12-03 15:25,2014-12-22 20:21,Silgard
2003-08-31 05:00,2017-04-27 04:17,Silgard
2005-02-10 10:05,2014-04-09 15:22,Silgard
2010-02-22 21:15,2014-12-25 11:46,Silgard
2000-09-22 07:16,2020-01-09 21:25,Silgard
2002-07-04 15:22,2016-06-08 18:44,Silgard
2001-11-19 10:37,2020-08-18 01:49,Silgard
2010-03-30 03:07,2018-08-05 16:03,Silgard
2012-12-26 08:43,2020-07-21 22:29,Silgard
2009-08-13 22:38,2016-11-14 01:38,Silgard
2006-10-25 06:30,2015-06-15 02:42,Silgard
2000-07-18 14:05,2019-06-11 00:15,Silgard
2001-06-28 21:38,2016-04-14 13:39,Silgard
2007-10-06 05:47,2021-01-05 20:28,Silgard
2000-03-13 16:10,2017-09-19 02:06,Silgard
2004-04-17 00:18,2015-11-06 11:21,Silgard
2008-02-18 18:58,2018-08-03 00:25,Silgard
2001-02-01 22:46,2015-08-21 01:02,Silgard
2007-05-17 10:29,2018-07-26 18:02,Silgard
2004-12-06 21:01,2019-10-12 07:11,Silgard
2013-12-12 02:08,2015-11-10 06:37,Silgard
2010-12-29 02:48,2018-08-29 21:22,Silgard
2003-01-22 00:15,2021-02-04 04:50,Silgard
2006-03-27 17:14,2022-01-28 06:18,Silgard
2014-01-13 07:13,2021-06-04 12:16,Silgard
2004-10-23 02:21,2021-05-30 20:12,Silgard
2007-03-17 18:12,2016-09-16 03:01,Silgard
2003-10-23 06:06,2021-06-06 11:46,Tetraxim
2012-04-10 22:05,2021-05-25 14:55,Tetraxim
2012-07-26 08:50,2016-04-18 00:23,Tetraxim
2013-07-08 01:00,2015-09-18 16:15,Tetraxim
2002-04-21 18:11,2016-06-01 12:21,Tetraxim
2011-02-25 17:51,2014-03-06 18:09,Tetraxim
2005-11-05 20:01,2015-04-14 02:14,Tetraxim
2006-11-13 17:46,2017-12-08 20:38,Tetraxim
2011-02-07 00:04,2014-03-13 21:00,Tetraxim
2005-08-05 08:02,2021-08-17 01:51,Tetraxim
2013-02-28 01:38,2018-12-17 10:11,Tetraxim
2003-03-05 09:17,2021-09-01 05:05,Tetraxim
2010-09-24 01:51,2014-10-13 12:03,Tetraxim
2004-02-10 06:48,2018-03-01 14:44,Tetraxim
2001-02-02 16:25,2015-02-26 02:21,Tetraxim
2010-08-22 09:24,2015-02-07 13:57,Tetraxim
2003-11-10 19:57,2014-04-24 17:58,Tetraxim
2010-06-14 11:52,2016-01-05 05:30,Tetraxim
2009-04-25 03:56,2019-11-03 06:20,Tetraxim
2000-11-22 10:08,2020-01-29 08:50,Tetraxim
2010-06-17 22:39,2019-01-14 04:29,Tetraxim
2004-05-19 02:09,2016-08-10 02:52,Tetraxim
2011-07-06 11:07,2020-03-19 16:18,Tetraxim
2006-09-06 11:44,2020-06-28 17:20,Tetraxim
2014-01-13 22:31,2016-02-18 01:58,Tetraxim
2004-01-24 19:08,2016-12-30 09:24,Tetraxim
2010-08-14 01:11,2017-01-24 15:45,Tetraxim
2007-10-05 18:17,2020-10-04 12:02,Tetraxim
2006-05-23 01:15,2019-09-03 16:29,Tetraxim
2004-04-14 09:07,2014-11-23 17:46,Tetraxim
2012-03-25 00:35,2021-10-31 05:54,Tetraxim
2013-01-26 19:02,2014-02-19 10:05,Tetraxim
2010-01-27 16:20,2017-11-04 07:35,Tetraxim
2000-08-01 05:41,2019-03-01 05:48,Tetraxim
2010-04-12 13:06,2014-12-29 05:28,Tetraxim
2000-09-03 15:24,2015-11-21 03:46,Tetraxim
2005-04-03 09:33,2016-03-01 11:35,Tetraxim
2007-10-08 08:13,2020-05-20 18:34,Tetraxim
2012-02-04 15:35,2022-01-04 20:10,Tetraxim
2002-10-06 08:00,2020-02-17 12:20,Tetraxim
